{
    "metadata":{
        "uvs":0,
        "faces":16,
        "version":3,
        "materials":1,
        "normals":14,
        "vertices":10,
        "generator":"io_three",
        "type":"Geometry"
    },
    "materials":[{
        "blending":1,
        "DbgColor":15658734,
        "DbgIndex":0,
        "shading":"phong",
        "wireframe":false,
        "opacity":0.5,
        "depthWrite":true,
        "depthTest":true,
        "transparent":true,
        "doubleSided":false,
        "colorSpecular":[0.25,0.25,0.25],
        "DbgName":"Shape",
        "visible":true,
        "colorDiffuse":[0.328,0.536,0.272],
        "colorEmissive":[0,0,0],
        "specularCoef":205
    }],
    "uvs":[],
    "normals":[-0,1,0,1,0,0,0,0,-1,3.1147e-05,-1,4.39749e-08,1,0,0,-6.85044e-12,2.19939e-07,1,-2.95671e-08,4.05938e-07,1,-1,-0,-0,-1,0,0,0,1,0,0,-0,-1,-0.0766908,0.997055,-5.26145e-08,-0.0766907,0.997055,0,-0,0,1],
    "vertices":[-6.82142,0.0691794,6.82142,6.82296,2.23764,0.0443063,6.82296,0.069604,0.0443063,6.82296,2.23764,6.82142,-6.82142,1.24383,0.0443063,6.82296,0.0696043,6.82142,-6.82142,1.24384,6.82142,-6.82142,0.0691791,0.0443063,6.09907,2.23764,0.0443063,6.09907,2.23764,6.82142],
    "faces":[34,3,8,9,0,0,0,0,34,2,1,3,0,1,1,1,34,1,2,4,0,2,2,2,34,0,2,5,0,3,3,3,34,2,3,5,0,4,4,4,34,3,0,5,0,5,5,5,34,0,3,6,0,6,6,6,34,4,0,6,0,7,7,7,34,2,0,7,0,3,3,3,34,0,4,7,0,8,8,8,34,4,2,7,0,2,2,2,34,3,1,8,0,9,9,9,34,1,4,8,0,10,10,10,34,4,6,8,0,11,11,11,34,8,6,9,0,12,12,12,34,6,3,9,0,13,13,13]
}