{
    "vertices":[2.66214,0.363674,-1.20816,2.66214,1.1606,1.13817,2.66214,0.363674,1.13817,2.66214,1.1606,-1.20816,2.66214,0.363674,-1.20816,0.836517,0.363674,1.13817,0.836517,0.363674,-1.20816,2.66214,0.363674,1.13817,0.836517,1.1606,-1.20816,2.66214,0.363674,-1.20816,0.836517,0.363674,-1.20816,2.66214,1.1606,-1.20816,2.66214,1.1606,1.13817,0.836517,1.1606,-1.20816,0.836517,1.1606,1.13817,2.66214,1.1606,-1.20816,2.66214,1.1606,1.13817,0.836517,0.363674,1.13817,2.66214,0.363674,1.13817,0.836517,1.1606,1.13817,0.836517,-0.189238,-2.35112,-1.30978,-0.189238,2.04943,-1.30978,-0.189238,-2.35112,0.836517,-0.189238,2.04943,-1.30978,1.60146,-2.35112,0.836517,-0.189238,-2.35112,-1.30978,-0.189238,-2.35112,0.836517,1.60146,-2.35112,0.836517,-0.189238,2.04943,0.836517,0.363674,1.13817,0.836517,1.60146,2.04943,0.836517,-0.189238,-2.35112,0.836517,0.363674,-1.20816,0.836517,1.1606,-1.20816,0.836517,1.1606,1.13817,0.836517,1.60146,-2.35112,0.836517,1.60146,2.04943,-1.30978,-0.189238,2.04943,0.836517,-0.189238,2.04943,-1.30978,1.60146,2.04943,-1.30978,1.60146,-2.35112,-1.30978,-0.189238,2.04943,-1.30978,1.60146,2.04943,-1.30978,-0.189238,-2.35112,0.836517,1.60146,2.04943,-1.30978,1.60146,-2.35112,-1.30978,1.60146,2.04943,0.836517,1.60146,-2.35112],
    "materials":[{
        "doubleSided":false,
        "DbgColor":15658734,
        "colorEmissive":[0,0,0],
        "blending":1,
        "opacity":1,
        "wireframe":false,
        "visible":true,
        "specularCoef":50,
        "depthWrite":true,
        "transparent":false,
        "shading":"phong",
        "colorSpecular":[0.5,0.5,0.5],
        "DbgName":"material",
        "colorDiffuse":[1,1,1],
        "depthTest":true,
        "DbgIndex":0
    }],
    "faces":[34,0,1,2,0,0,0,0,34,1,0,3,0,1,1,1,34,4,5,6,0,2,2,2,34,5,4,7,0,2,2,2,34,8,9,10,0,3,3,3,34,9,8,11,0,4,4,4,34,12,13,14,0,5,5,5,34,13,12,15,0,5,5,5,34,16,17,18,0,6,6,6,34,17,16,19,0,7,7,7,34,20,21,22,0,8,8,8,34,21,20,23,0,8,8,8,34,24,25,26,0,3,3,3,34,25,24,27,0,4,4,4,34,28,29,30,0,0,0,0,34,29,28,31,0,9,9,9,34,29,31,32,0,1,1,1,34,32,31,33,0,1,1,1,34,30,34,35,0,1,1,1,34,34,30,29,0,9,9,9,34,35,34,33,0,9,9,9,34,35,33,31,0,9,9,9,34,36,37,38,0,10,10,10,34,37,36,39,0,11,11,11,34,40,41,42,0,12,12,12,34,41,40,43,0,13,13,13,34,44,45,46,0,14,14,14,34,45,44,47,0,14,14,14],
    "metadata":{
        "generator":"io_three",
        "version":3,
        "normals":15,
        "vertices":48,
        "materials":1,
        "type":"Geometry",
        "faces":28,
        "uvs":0
    },
    "normals":[1,0,0,1,0,-0,0,-1,2.54034e-08,0,0,-1,-0,-0,-1,0,1,-5.08068e-08,0,1.49587e-07,1,-0,1.49587e-07,1,0,-1,4.06345e-08,1,-0,0,0,1.33143e-07,1,-0,1.33143e-07,1,-1,-0,-0,-1,0,0,0,1,-5.41793e-08],
    "uvs":[]
}