{
    "metadata":{
        "uvs":0,
        "faces":1,
        "version":3,
        "materials":0,
        "normals":1,
        "vertices":4,
        "generator":"io_three",
        "type":"Geometry"
    },
    "materials":[],
    "uvs":[],
    "normals":[-0.414295,0.897767,-0.14958],
    "vertices":[-1.01691,5.01243,11.2712,6.02676,7.90083,9.09821,-2.53574,3.05855,3.75102,4.50793,5.94695,1.57798],
    "faces":[35,0,1,3,2,0,0,0,0,0]
}