{
    "metadata":{
        "faces":46,
        "normals":45,
        "generator":"io_three",
        "version":3,
        "uvs":0,
        "materials":1,
        "type":"Geometry",
        "vertices":48
    },
    "uvs":[],
    "faces":[35,21,17,2,9,0,0,0,0,0,35,20,11,6,19,0,1,1,1,1,35,8,10,5,1,0,2,2,2,2,35,17,19,6,2,0,3,3,3,3,35,12,13,7,3,0,4,4,4,4,35,18,16,3,7,0,5,5,5,5,35,2,6,11,9,0,6,6,6,6,35,14,15,10,8,0,7,7,7,7,35,23,13,11,20,0,8,8,8,8,35,22,21,9,12,0,9,9,9,9,35,16,22,12,3,0,10,10,10,10,35,18,7,13,23,0,11,11,11,11,35,0,4,15,14,0,12,12,12,12,35,9,11,13,12,0,13,13,13,13,35,28,18,23,25,0,14,14,14,14,35,26,31,22,16,0,15,15,15,15,35,31,30,21,22,0,16,16,16,16,35,25,23,20,24,0,17,17,17,17,35,28,26,16,18,0,18,18,18,18,35,27,29,19,17,0,19,19,19,19,35,24,20,19,29,0,20,20,20,20,35,30,27,17,21,0,21,21,21,21,35,38,35,27,30,0,22,22,22,22,35,32,24,29,37,0,23,23,23,23,35,35,37,29,27,0,24,24,24,24,35,36,34,26,28,0,25,25,25,25,35,33,25,24,32,0,26,26,26,26,35,39,38,30,31,0,27,27,27,27,35,34,39,31,26,0,28,28,28,28,35,36,28,25,33,0,29,29,29,29,35,44,36,33,41,0,30,30,30,30,35,42,47,39,34,0,31,31,31,31,35,47,46,38,39,0,32,32,32,32,35,41,33,32,40,0,33,33,33,33,35,44,42,34,36,0,34,34,34,34,35,43,45,37,35,0,35,35,35,35,35,40,32,37,45,0,36,36,36,36,35,46,43,35,38,0,37,37,37,37,35,8,1,43,46,0,38,38,38,38,35,10,40,45,5,0,39,39,39,39,35,1,5,45,43,0,40,40,40,40,35,4,0,42,44,0,41,41,41,41,35,15,41,40,10,0,42,42,42,42,35,14,8,46,47,0,43,43,43,43,35,0,14,47,42,0,10,10,10,10,35,4,44,41,15,0,44,44,44,44],
    "materials":[{
        "shading":"phong",
        "DbgIndex":0,
        "colorDiffuse":[0.64,0.64,0.64],
        "specularCoef":50,
        "depthWrite":true,
        "colorSpecular":[0.5,0.5,0.5],
        "depthTest":true,
        "blending":1,
        "colorEmissive":[0,0,0],
        "transparent":false,
        "DbgName":"Material",
        "visible":true,
        "wireframe":false,
        "opacity":1,
        "DbgColor":15658734,
        "doubleSided":false
    }],
    "normals":[-6.76442e-09,0.981996,-0.188903,0.606443,-0.582382,0.541348,1,-1.15961e-06,2.3977e-07,-1.24284e-07,-0.188903,-0.981996,-1,3.22765e-07,3.2699e-07,2.73082e-07,0.188903,0.981996,-1,2.67775e-07,3.67258e-07,1,-3.69415e-07,-3.35031e-07,0.668781,-0.730074,0.140442,-4.06618e-08,0.981996,-0.188903,0,0.981996,-0.188903,0.569129,-0.720496,-0.396203,1,7.09898e-07,-3.74479e-07,-1,3.01109e-07,2.57927e-07,0.37537,-0.812176,-0.446618,9.45233e-09,0.981996,-0.188903,1.21327e-08,0.981996,-0.188903,0.465756,-0.868981,0.167163,1.73447e-07,0.188903,0.981996,-2.94395e-07,-0.188903,-0.981996,0.407519,-0.668861,0.621734,0,0.981996,-0.188903,7.70592e-09,0.981996,-0.188903,0.246094,-0.709914,0.659894,-1.39775e-07,-0.188903,-0.981996,2.33535e-07,0.188903,0.981996,0.286875,-0.940721,0.180963,1.15803e-08,0.981996,-0.188903,0,0.981996,-0.188903,0.224537,-0.853877,-0.46955,-9.23129e-08,-0.876252,-0.481853,-2.24948e-08,0.981996,-0.188903,0,0.981996,-0.188903,-1.92491e-08,-0.981996,0.188903,8.18768e-09,0.188903,0.981996,-3.11406e-07,-0.188903,-0.981996,1.95485e-07,-0.732439,0.680832,-6.40449e-09,0.981996,-0.188903,1.21208e-08,0.981996,-0.188903,-0.417485,-0.665556,0.618662,-1.17979e-07,-0.188903,-0.981996,4.77134e-07,0.188903,0.981996,-0.476428,-0.863384,0.166087,-3.64299e-08,0.981996,-0.188903,-0.384838,-0.808767,-0.444743],
    "vertices":[13.1759,3.42264,8.63796,13.1759,-0.0263513,-9.29129,-13.1759,-0.026351,-9.29129,-13.1759,3.42264,8.63796,13.1759,-4.08298,10.0818,13.1759,-7.1999,-7.91135,-13.1759,-15.7814,-6.26055,-13.1759,-12.6645,11.7326,13.1759,0.737399,-5.32101,-13.1759,0.7374,-5.32101,13.1759,-3.95332,-4.41868,-13.1759,-12.5348,-2.76788,-13.1759,2.7703,5.24683,-13.1759,-10.5019,7.79996,13.1759,2.7703,5.24683,13.1759,-1.92042,6.14916,-8.81706,3.42264,8.63796,-8.81707,-0.026351,-9.29129,-8.81707,-8.81407,10.9919,-8.81707,-11.931,-7.00124,-8.81707,-8.68441,-3.50856,-8.81707,0.7374,-5.32101,-8.81706,2.7703,5.24683,-8.81707,-6.65151,7.05927,-1.51298,-4.90926,-4.23478,-1.51297,-2.87636,6.33306,-1.51297,3.42264,8.63796,-1.51297,-0.0263511,-9.29129,-1.51297,-5.03893,10.2657,-1.51298,-8.15584,-7.72745,-1.51297,0.7374,-5.32101,-1.51297,2.7703,5.24683,6.13953,-2.65889,-4.66768,6.13953,-0.625991,5.90016,6.13953,3.42264,8.63796,6.13953,-0.0263512,-9.29129,6.13954,-2.78855,9.83278,6.13952,-5.90547,-8.16035,6.13953,0.7374,-5.32101,6.13953,2.7703,5.24683,10.7433,-2.65889,-4.66768,10.7433,-0.625991,5.90016,10.7433,3.42264,8.63796,10.7433,-0.0263513,-9.29129,10.7433,-2.78855,9.83278,10.7433,-5.90547,-8.16035,10.7433,0.7374,-5.32101,10.7433,2.7703,5.24683]
}