{
    "uvs":[],
    "normals":[-5.32907e-15,-1,2.98023e-08,1.06581e-14,1,-2.98023e-08,1,4.47034e-08,2.83122e-07,-2.83122e-07,-7.45059e-08,1,-1,-1.3411e-07,-2.23517e-07,2.38419e-07,1.78814e-07,-1,-1,0,0,-0,0,-1,1,0,0,0,5.96046e-08,1,0,-1,4.47035e-08,0,1,-1.19209e-07],
    "materials":[{
        "colorSpecular":[1,1,1],
        "doubleSided":false,
        "depthWrite":true,
        "transparent":false,
        "blending":1,
        "depthTest":true,
        "colorEmissive":[0,0,0],
        "opacity":1,
        "DbgName":"Material",
        "colorDiffuse":[0.00723758,0.346478,0.8],
        "shading":"phong",
        "DbgIndex":0,
        "wireframe":false,
        "DbgColor":15658734,
        "visible":true,
        "specularCoef":50
    }],
    "metadata":{
        "uvs":0,
        "normals":12,
        "materials":1,
        "version":3,
        "generator":"io_three",
        "faces":12,
        "vertices":16,
        "type":"Geometry"
    },
    "vertices":[1,-1,-1,1,-1,1,-1,-1,1,-1,-1,-1,1,1,-1,0.999999,1,1,-1,1,1,-1,1,-1,-1,0.113652,-1.83541,-1,2.11365,-1.83541,-1,0.113652,-3.83541,-1,2.11365,-3.83541,1,0.113652,-1.83541,1,2.11365,-1.83541,1,0.113652,-3.83541,1,2.11365,-3.83541],
    "faces":[35,0,1,2,3,0,0,0,0,0,35,4,7,6,5,0,1,1,1,1,35,0,4,5,1,0,2,2,2,2,35,1,5,6,2,0,3,3,3,3,35,2,6,7,3,0,4,4,4,4,35,4,0,3,7,0,5,5,5,5,35,8,9,11,10,0,6,6,6,6,35,10,11,15,14,0,7,7,7,7,35,14,15,13,12,0,8,8,8,8,35,12,13,9,8,0,9,9,9,9,35,10,14,12,8,0,10,10,10,10,35,15,11,9,13,0,11,11,11,11]
}