{
    "vertices":[6.16209,-0.573194,-6.16208,6.16209,-0.573194,6.16209,-6.16209,-0.573194,6.16208,-6.16208,-0.573194,-6.16209,6.16209,8.64799,-6.16208,6.16208,7.90925,6.16209,-6.16209,7.62358,6.16208,-6.16208,4.04731,-6.16209,6.16208,7.32528,2.9854e-06,1.46916e-06,6.71344,-6.16208,-3.3056e-06,7.90925,6.16209,-6.16209,4.04731,-1.27878e-06,-9.18222e-07,7.56712,7.71097e-07,-3.08105,7.62358,6.16208,-6.16209,7.62358,3.08104,-2.11191e-06,6.78187,3.08104,-3.08104,7.94839,-3.47435e-07,-3.08104,7.55948,3.08104,6.16209,7.66576,-3.08104,3.08104,7.37245,-6.16208,2.75467e-07,3.60617,-3.08104,3.08104,5.51769,1.96255e-06,3.08104,5.32137,-3.08104],
    "metadata":{
        "materials":1,
        "version":3,
        "uvs":0,
        "faces":33,
        "type":"Geometry",
        "vertices":23,
        "normals":33,
        "generator":"io_three"
    },
    "normals":[-7.48505e-15,-1,4.8364e-08,0.0104015,0.999892,-0.0104016,1,-3.10266e-07,1.50057e-14,1,5.40604e-07,6.36637e-07,1,4.49717e-07,4.21676e-07,1,7.928e-07,8.61435e-07,-7.73824e-08,-3.93502e-07,1,-4.64295e-07,-1.66923e-06,1,-4.64295e-07,2.32695e-07,1,-5.23765e-07,2.55049e-07,1,-1,-1.74521e-07,-2.70839e-07,-1,1.33334e-07,-3.0953e-07,-1,-4.12801e-07,-2.32147e-07,-1,-1.82655e-06,8.27924e-07,2.02489e-07,2.58555e-07,-1,2.32147e-07,5.16001e-07,-1,4.60841e-07,-7.0742e-07,-1,1.24254e-07,2.28218e-07,-1,-0.504341,0.859653,-0.0814679,0.541775,0.814487,0.207584,1.59544e-07,0.939106,-0.343627,0.0137615,0.929822,-0.367752,0.0449177,0.828145,-0.558711,-0.291419,0.673543,0.679275,-0.784761,0.619799,-2.30142e-07,0.0757602,0.612214,-0.787054,0.360286,0.696197,-0.620889,0.0781437,0.978813,-0.18926,0.181669,0.96598,0.184063,-0.483978,0.777257,-0.40204,-0.55868,0.829156,0.0193976,-0.466259,0.793698,0.390699,-0.283335,0.735373,0.615587],
    "materials":[{
        "colorDiffuse":[0.0243681,0.0257063,0.64],
        "DbgColor":15658734,
        "blending":1,
        "visible":true,
        "wireframe":false,
        "shading":"phong",
        "specularCoef":50,
        "depthTest":true,
        "colorEmissive":[0,0,0],
        "colorSpecular":[0.5,0.5,0.5],
        "DbgName":"Material",
        "depthWrite":true,
        "doubleSided":false,
        "DbgIndex":0,
        "opacity":1,
        "transparent":false
    }],
    "uvs":[],
    "faces":[35,0,1,2,3,0,0,0,0,0,35,17,14,6,13,0,1,1,1,1,34,1,0,4,0,2,2,2,34,1,4,18,0,3,3,3,34,8,5,1,0,4,4,4,34,18,8,1,0,5,5,5,34,2,1,5,0,6,6,6,34,5,10,13,0,7,7,7,34,13,6,2,0,8,8,8,34,5,13,2,0,9,9,9,34,3,2,6,0,10,10,10,34,6,14,11,0,11,11,11,34,11,7,3,0,12,12,12,34,6,11,3,0,13,13,13,34,19,4,0,0,14,14,14,34,0,3,7,0,15,15,15,34,7,9,19,0,16,16,16,34,0,7,19,0,17,17,17,34,5,8,21,0,18,18,18,34,21,12,15,0,19,19,19,34,15,10,5,0,20,20,20,34,21,15,5,0,21,21,21,35,22,20,12,21,0,22,22,22,22,34,20,9,7,0,23,23,23,34,7,11,16,0,24,24,24,34,16,12,20,0,25,25,25,34,7,16,20,0,26,26,26,35,15,17,13,10,0,27,27,27,27,35,12,16,17,15,0,28,28,28,28,35,16,11,14,17,0,29,29,29,29,35,18,22,21,8,0,30,30,30,30,35,4,19,22,18,0,31,31,31,31,35,19,9,20,22,0,32,32,32,32]
}